user_id,name,email,signup_date,plan,country,company_size,status,mrr
USR0001,User 1,user1@company.com,2024-03-05,Starter,Germany,1-10,Active,29
USR0002,User 2,user2@company.com,2024-05-01,Enterprise,United States,11-50,Churned,0
USR0003,User 3,user3@company.com,2024-06-18,Starter,United States,500+,Churned,0
USR0004,User 4,user4@company.com,2024-02-14,Growth,Australia,11-50,Active,79
USR0005,User 5,user5@company.com,2024-03-25,Starter,Canada,11-50,Active,29
USR0006,User 6,user6@company.com,2024-02-22,Starter,Germany,51-200,Active,29
USR0007,User 7,user7@company.com,2024-04-22,Growth,United States,51-200,Active,79
USR0008,User 8,user8@company.com,2024-06-30,Growth,Germany,1-10,Active,79
USR0009,User 9,user9@company.com,2024-04-28,Growth,Canada,500+,Churned,0
USR0010,User 10,user10@company.com,2024-03-10,Starter,United Kingdom,1-10,Active,29
USR0011,User 11,user11@company.com,2024-05-15,Trial,Australia,51-200,Churned,0
USR0012,User 12,user12@company.com,2024-06-04,Starter,United Kingdom,51-200,Active,29
USR0013,User 13,user13@company.com,2024-04-08,Trial,United States,51-200,Churned,0
USR0014,User 14,user14@company.com,2024-04-01,Growth,United States,11-50,Active,79
USR0015,User 15,user15@company.com,2024-05-24,Growth,United Kingdom,51-200,Active,79
USR0016,User 16,user16@company.com,2024-01-25,Starter,United States,11-50,Converted,29
USR0017,User 17,user17@company.com,2024-03-31,Enterprise,United Kingdom,1-10,Active,199
USR0018,User 18,user18@company.com,2024-05-03,Trial,Germany,51-200,Churned,0
USR0019,User 19,user19@company.com,2024-03-02,Trial,United States,11-50,Churned,0
USR0020,User 20,user20@company.com,2024-05-01,Trial,United States,1-10,Churned,0
USR0021,User 21,user21@company.com,2024-01-23,Trial,United States,201-500,Active,0
USR0022,User 22,user22@company.com,2024-06-20,Starter,Australia,51-200,Active,29
USR0023,User 23,user23@company.com,2024-06-02,Starter,United Kingdom,201-500,Active,29
USR0024,User 24,user24@company.com,2024-04-30,Growth,United States,11-50,Active,79
USR0025,User 25,user25@company.com,2024-02-18,Growth,United States,51-200,Converted,79
USR0026,User 26,user26@company.com,2024-01-03,Trial,United Kingdom,51-200,Churned,0
USR0027,User 27,user27@company.com,2024-04-18,Trial,United States,11-50,Churned,0
USR0028,User 28,user28@company.com,2024-05-05,Starter,United States,201-500,Churned,0
USR0029,User 29,user29@company.com,2024-06-15,Starter,Germany,201-500,Active,29
USR0030,User 30,user30@company.com,2024-05-14,Starter,Canada,500+,Churned,0
USR0031,User 31,user31@company.com,2024-06-23,Starter,Canada,11-50,Active,29
USR0032,User 32,user32@company.com,2024-05-09,Starter,United States,500+,Churned,0
USR0033,User 33,user33@company.com,2024-05-23,Growth,Australia,11-50,Active,79
USR0034,User 34,user34@company.com,2024-01-27,Trial,Canada,1-10,Active,0
USR0035,User 35,user35@company.com,2024-05-30,Growth,United Kingdom,11-50,Active,79
USR0036,User 36,user36@company.com,2024-05-30,Trial,United States,51-200,Churned,0
USR0037,User 37,user37@company.com,2024-06-16,Enterprise,United Kingdom,51-200,Active,199
USR0038,User 38,user38@company.com,2024-04-06,Trial,United States,11-50,Churned,0
USR0039,User 39,user39@company.com,2024-06-07,Growth,United States,51-200,Active,79
USR0040,User 40,user40@company.com,2024-05-06,Starter,Germany,1-10,Churned,0
USR0041,User 41,user41@company.com,2024-01-02,Trial,United States,201-500,Active,0
USR0042,User 42,user42@company.com,2024-06-12,Growth,Australia,51-200,Churned,0
USR0043,User 43,user43@company.com,2024-02-14,Starter,United States,11-50,Active,29
USR0044,User 44,user44@company.com,2024-04-09,Starter,Canada,1-10,Active,29
USR0045,User 45,user45@company.com,2024-05-25,Growth,United Kingdom,1-10,Active,79
USR0046,User 46,user46@company.com,2024-05-27,Starter,Canada,201-500,Active,29
USR0047,User 47,user47@company.com,2024-02-20,Starter,Canada,51-200,Active,29
USR0048,User 48,user48@company.com,2024-06-14,Starter,United States,51-200,Active,29
USR0049,User 49,user49@company.com,2024-02-18,Starter,United Kingdom,11-50,Active,29
USR0050,User 50,user50@company.com,2024-02-27,Enterprise,United States,11-50,Active,199
USR0051,User 51,user51@company.com,2024-04-24,Starter,Canada,1-10,Active,29
USR0052,User 52,user52@company.com,2024-05-30,Growth,United States,1-10,Active,79
USR0053,User 53,user53@company.com,2024-03-16,Growth,United Kingdom,11-50,Active,79
USR0054,User 54,user54@company.com,2024-04-12,Enterprise,Canada,51-200,Churned,0
USR0055,User 55,user55@company.com,2024-05-18,Starter,United States,1-10,Active,29
USR0056,User 56,user56@company.com,2024-04-09,Enterprise,Canada,1-10,Active,199
USR0057,User 57,user57@company.com,2024-06-01,Starter,United Kingdom,11-50,Active,29
USR0058,User 58,user58@company.com,2024-05-25,Trial,United States,500+,Active,0
USR0059,User 59,user59@company.com,2024-06-17,Starter,United States,11-50,Churned,0
USR0060,User 60,user60@company.com,2024-02-01,Starter,United States,11-50,Churned,0
USR0061,User 61,user61@company.com,2024-03-16,Starter,Germany,51-200,Churned,0
USR0062,User 62,user62@company.com,2024-02-05,Trial,United States,11-50,Active,0
USR0063,User 63,user63@company.com,2024-05-10,Growth,Canada,11-50,Active,79
USR0064,User 64,user64@company.com,2024-05-03,Trial,Germany,1-10,Churned,0
USR0065,User 65,user65@company.com,2024-01-15,Growth,United States,11-50,Active,79
USR0066,User 66,user66@company.com,2024-02-19,Starter,United Kingdom,201-500,Active,29
USR0067,User 67,user67@company.com,2024-01-09,Growth,Australia,51-200,Churned,0
USR0068,User 68,user68@company.com,2024-02-15,Growth,United States,201-500,Churned,0
USR0069,User 69,user69@company.com,2024-01-14,Growth,United Kingdom,11-50,Active,79
USR0070,User 70,user70@company.com,2024-04-25,Growth,United States,11-50,Active,79
USR0071,User 71,user71@company.com,2024-04-24,Growth,United Kingdom,1-10,Active,79
USR0072,User 72,user72@company.com,2024-02-13,Growth,United States,51-200,Converted,79
USR0073,User 73,user73@company.com,2024-03-21,Growth,United Kingdom,51-200,Active,79
USR0074,User 74,user74@company.com,2024-02-28,Enterprise,United States,500+,Active,199
USR0075,User 75,user75@company.com,2024-03-04,Growth,Germany,11-50,Active,79
USR0076,User 76,user76@company.com,2024-01-24,Enterprise,Canada,11-50,Active,199
USR0077,User 77,user77@company.com,2024-06-03,Starter,United States,1-10,Churned,0
USR0078,User 78,user78@company.com,2024-01-30,Growth,United Kingdom,1-10,Active,79
USR0079,User 79,user79@company.com,2024-04-12,Starter,United States,51-200,Active,29
USR0080,User 80,user80@company.com,2024-01-13,Trial,Australia,11-50,Churned,0
USR0081,User 81,user81@company.com,2024-05-23,Starter,United States,201-500,Active,29
USR0082,User 82,user82@company.com,2024-05-19,Trial,United Kingdom,1-10,Churned,0
USR0083,User 83,user83@company.com,2024-04-04,Starter,United States,1-10,Churned,0
USR0084,User 84,user84@company.com,2024-05-23,Enterprise,Australia,1-10,Active,199
USR0085,User 85,user85@company.com,2024-06-26,Starter,United States,1-10,Churned,0
USR0086,User 86,user86@company.com,2024-03-09,Starter,Canada,1-10,Active,29
USR0087,User 87,user87@company.com,2024-01-02,Growth,Canada,201-500,Churned,0
USR0088,User 88,user88@company.com,2024-02-17,Growth,Canada,1-10,Active,79
USR0089,User 89,user89@company.com,2024-06-29,Growth,United States,11-50,Active,79
USR0090,User 90,user90@company.com,2024-02-01,Enterprise,Germany,201-500,Churned,0
USR0091,User 91,user91@company.com,2024-02-25,Growth,United States,11-50,Active,79
USR0092,User 92,user92@company.com,2024-04-10,Trial,United States,11-50,Churned,0
USR0093,User 93,user93@company.com,2024-01-08,Trial,United States,51-200,Active,0
USR0094,User 94,user94@company.com,2024-03-02,Growth,Canada,51-200,Active,79
USR0095,User 95,user95@company.com,2024-06-30,Starter,United States,51-200,Active,29
USR0096,User 96,user96@company.com,2024-04-12,Starter,United States,1-10,Active,29
USR0097,User 97,user97@company.com,2024-06-08,Starter,United States,11-50,Churned,0
USR0098,User 98,user98@company.com,2024-05-14,Enterprise,United States,201-500,Churned,0
USR0099,User 99,user99@company.com,2024-05-26,Starter,United States,11-50,Churned,0
USR0100,User 100,user100@company.com,2024-06-27,Trial,United States,1-10,Active,0
USR0101,User 101,user101@company.com,2024-03-09,Starter,United Kingdom,51-200,Active,29
USR0102,User 102,user102@company.com,2024-04-26,Growth,United Kingdom,11-50,Active,79
USR0103,User 103,user103@company.com,2024-04-02,Enterprise,United States,51-200,Churned,0
USR0104,User 104,user104@company.com,2024-02-29,Starter,Canada,500+,Active,29
USR0105,User 105,user105@company.com,2024-03-15,Trial,United States,11-50,Churned,0
USR0106,User 106,user106@company.com,2024-01-20,Enterprise,United States,51-200,Active,199
USR0107,User 107,user107@company.com,2024-03-17,Trial,United States,1-10,Churned,0
USR0108,User 108,user108@company.com,2024-02-21,Enterprise,United States,11-50,Active,199
USR0109,User 109,user109@company.com,2024-02-01,Growth,United States,51-200,Active,79
USR0110,User 110,user110@company.com,2024-06-19,Trial,Canada,11-50,Churned,0
USR0111,User 111,user111@company.com,2024-03-20,Starter,United Kingdom,1-10,Active,29
USR0112,User 112,user112@company.com,2024-02-26,Trial,United Kingdom,11-50,Churned,0
USR0113,User 113,user113@company.com,2024-06-18,Enterprise,United Kingdom,11-50,Active,199
USR0114,User 114,user114@company.com,2024-01-11,Enterprise,Germany,11-50,Active,199
USR0115,User 115,user115@company.com,2024-03-14,Enterprise,United States,51-200,Active,199
USR0116,User 116,user116@company.com,2024-05-11,Starter,Canada,51-200,Active,29
USR0117,User 117,user117@company.com,2024-05-30,Trial,Canada,11-50,Churned,0
USR0118,User 118,user118@company.com,2024-04-21,Starter,Germany,201-500,Converted,29
USR0119,User 119,user119@company.com,2024-01-24,Growth,United States,11-50,Active,79
USR0120,User 120,user120@company.com,2024-04-29,Starter,Australia,51-200,Active,29
USR0121,User 121,user121@company.com,2024-04-04,Starter,United States,11-50,Churned,0
USR0122,User 122,user122@company.com,2024-04-18,Starter,United States,11-50,Active,29
USR0123,User 123,user123@company.com,2024-01-26,Growth,United Kingdom,51-200,Churned,0
USR0124,User 124,user124@company.com,2024-02-04,Growth,United Kingdom,201-500,Active,79
USR0125,User 125,user125@company.com,2024-02-03,Enterprise,Canada,11-50,Active,199
USR0126,User 126,user126@company.com,2024-06-25,Starter,United States,1-10,Active,29
USR0127,User 127,user127@company.com,2024-01-14,Enterprise,Canada,11-50,Active,199
USR0128,User 128,user128@company.com,2024-04-30,Starter,United States,11-50,Active,29
USR0129,User 129,user129@company.com,2024-02-10,Starter,United States,11-50,Active,29
USR0130,User 130,user130@company.com,2024-02-14,Starter,United States,500+,Churned,0
USR0131,User 131,user131@company.com,2024-04-07,Enterprise,United States,1-10,Active,199
USR0132,User 132,user132@company.com,2024-05-02,Starter,United States,201-500,Active,29
USR0133,User 133,user133@company.com,2024-03-22,Starter,Canada,201-500,Active,29
USR0134,User 134,user134@company.com,2024-04-22,Enterprise,Germany,11-50,Active,199
USR0135,User 135,user135@company.com,2024-01-02,Starter,United States,11-50,Converted,29
USR0136,User 136,user136@company.com,2024-05-26,Enterprise,United States,11-50,Active,199
USR0137,User 137,user137@company.com,2024-01-28,Starter,United Kingdom,1-10,Active,29
USR0138,User 138,user138@company.com,2024-02-04,Growth,United States,1-10,Active,79
USR0139,User 139,user139@company.com,2024-02-10,Enterprise,United States,51-200,Active,199
USR0140,User 140,user140@company.com,2024-01-14,Starter,United States,1-10,Active,29
USR0141,User 141,user141@company.com,2024-06-23,Enterprise,United Kingdom,51-200,Active,199
USR0142,User 142,user142@company.com,2024-06-10,Trial,United States,1-10,Churned,0
USR0143,User 143,user143@company.com,2024-03-25,Trial,Canada,1-10,Active,0
USR0144,User 144,user144@company.com,2024-01-01,Starter,United States,1-10,Converted,29
USR0145,User 145,user145@company.com,2024-05-04,Trial,United States,51-200,Active,0
USR0146,User 146,user146@company.com,2024-06-10,Enterprise,Canada,1-10,Active,199
USR0147,User 147,user147@company.com,2024-03-06,Starter,Germany,51-200,Active,29
USR0148,User 148,user148@company.com,2024-04-29,Starter,United States,1-10,Active,29
USR0149,User 149,user149@company.com,2024-01-17,Enterprise,Germany,201-500,Active,199
USR0150,User 150,user150@company.com,2024-05-18,Starter,United States,11-50,Active,29
USR0151,User 151,user151@company.com,2024-05-15,Starter,Germany,11-50,Active,29
USR0152,User 152,user152@company.com,2024-02-15,Starter,Germany,51-200,Active,29
USR0153,User 153,user153@company.com,2024-05-27,Starter,Germany,1-10,Active,29
USR0154,User 154,user154@company.com,2024-05-27,Starter,Canada,1-10,Churned,0
USR0155,User 155,user155@company.com,2024-06-09,Starter,United Kingdom,201-500,Active,29
USR0156,User 156,user156@company.com,2024-05-24,Growth,United Kingdom,1-10,Active,79
USR0157,User 157,user157@company.com,2024-02-02,Trial,United States,51-200,Churned,0
USR0158,User 158,user158@company.com,2024-04-29,Enterprise,United States,51-200,Active,199
USR0159,User 159,user159@company.com,2024-06-01,Growth,United Kingdom,11-50,Active,79
USR0160,User 160,user160@company.com,2024-06-15,Enterprise,United Kingdom,201-500,Active,199
USR0161,User 161,user161@company.com,2024-06-09,Starter,Germany,11-50,Active,29
USR0162,User 162,user162@company.com,2024-03-07,Starter,United Kingdom,51-200,Active,29
USR0163,User 163,user163@company.com,2024-01-15,Starter,Germany,51-200,Churned,0
USR0164,User 164,user164@company.com,2024-05-09,Starter,United States,1-10,Active,29
USR0165,User 165,user165@company.com,2024-03-12,Starter,United Kingdom,11-50,Active,29
USR0166,User 166,user166@company.com,2024-02-16,Growth,Canada,1-10,Churned,0
USR0167,User 167,user167@company.com,2024-03-31,Growth,United States,11-50,Churned,0
USR0168,User 168,user168@company.com,2024-06-04,Enterprise,Canada,201-500,Active,199
USR0169,User 169,user169@company.com,2024-04-21,Growth,United States,201-500,Active,79
USR0170,User 170,user170@company.com,2024-01-22,Enterprise,United States,11-50,Churned,0
USR0171,User 171,user171@company.com,2024-05-21,Starter,Canada,500+,Active,29
USR0172,User 172,user172@company.com,2024-03-01,Trial,Australia,201-500,Active,0
USR0173,User 173,user173@company.com,2024-06-22,Growth,United Kingdom,201-500,Active,79
USR0174,User 174,user174@company.com,2024-04-24,Starter,Germany,11-50,Active,29
USR0175,User 175,user175@company.com,2024-02-27,Starter,Canada,1-10,Active,29
USR0176,User 176,user176@company.com,2024-06-08,Starter,United States,51-200,Active,29
USR0177,User 177,user177@company.com,2024-05-07,Starter,Canada,11-50,Active,29
USR0178,User 178,user178@company.com,2024-03-16,Growth,United States,51-200,Active,79
USR0179,User 179,user179@company.com,2024-06-17,Starter,United States,11-50,Churned,0
USR0180,User 180,user180@company.com,2024-03-01,Growth,United States,1-10,Active,79
USR0181,User 181,user181@company.com,2024-01-01,Growth,Germany,11-50,Active,79
USR0182,User 182,user182@company.com,2024-02-27,Enterprise,United States,1-10,Active,199
USR0183,User 183,user183@company.com,2024-03-23,Enterprise,Australia,1-10,Active,199
USR0184,User 184,user184@company.com,2024-03-04,Trial,United States,1-10,Active,0
USR0185,User 185,user185@company.com,2024-02-10,Growth,Germany,51-200,Churned,0
USR0186,User 186,user186@company.com,2024-02-19,Growth,United States,51-200,Churned,0
USR0187,User 187,user187@company.com,2024-06-19,Starter,United Kingdom,51-200,Churned,0
USR0188,User 188,user188@company.com,2024-01-25,Starter,Australia,11-50,Churned,0
USR0189,User 189,user189@company.com,2024-04-05,Starter,United States,51-200,Churned,0
USR0190,User 190,user190@company.com,2024-04-14,Starter,Australia,500+,Converted,29
USR0191,User 191,user191@company.com,2024-05-18,Growth,Germany,11-50,Active,79
USR0192,User 192,user192@company.com,2024-01-08,Trial,United States,11-50,Active,0
USR0193,User 193,user193@company.com,2024-01-12,Trial,United States,1-10,Active,0
USR0194,User 194,user194@company.com,2024-02-21,Starter,United States,51-200,Active,29
USR0195,User 195,user195@company.com,2024-02-01,Starter,Canada,11-50,Converted,29
USR0196,User 196,user196@company.com,2024-03-27,Growth,United Kingdom,11-50,Churned,0
USR0197,User 197,user197@company.com,2024-06-28,Trial,Canada,1-10,Churned,0
USR0198,User 198,user198@company.com,2024-05-15,Enterprise,United States,1-10,Active,199
USR0199,User 199,user199@company.com,2024-06-03,Growth,United States,201-500,Active,79
USR0200,User 200,user200@company.com,2024-01-22,Trial,United Kingdom,201-500,Churned,0
USR0201,User 201,user201@company.com,2024-03-01,Starter,Canada,201-500,Active,29
USR0202,User 202,user202@company.com,2024-03-26,Growth,United States,11-50,Active,79
USR0203,User 203,user203@company.com,2024-01-03,Enterprise,Germany,1-10,Active,199
USR0204,User 204,user204@company.com,2024-02-20,Starter,United Kingdom,1-10,Active,29
USR0205,User 205,user205@company.com,2024-06-15,Enterprise,Germany,51-200,Active,199
USR0206,User 206,user206@company.com,2024-04-18,Enterprise,United Kingdom,11-50,Churned,0
USR0207,User 207,user207@company.com,2024-02-05,Starter,United States,51-200,Active,29
USR0208,User 208,user208@company.com,2024-04-10,Growth,United Kingdom,11-50,Active,79
USR0209,User 209,user209@company.com,2024-04-07,Growth,Canada,11-50,Active,79
USR0210,User 210,user210@company.com,2024-04-05,Growth,Germany,11-50,Active,79
USR0211,User 211,user211@company.com,2024-01-01,Growth,United States,51-200,Converted,79
USR0212,User 212,user212@company.com,2024-02-11,Trial,United States,1-10,Churned,0
USR0213,User 213,user213@company.com,2024-05-23,Trial,United Kingdom,11-50,Churned,0
USR0214,User 214,user214@company.com,2024-06-16,Growth,Australia,51-200,Active,79
USR0215,User 215,user215@company.com,2024-05-21,Growth,United States,1-10,Active,79
USR0216,User 216,user216@company.com,2024-05-22,Growth,United States,201-500,Converted,79
USR0217,User 217,user217@company.com,2024-06-27,Enterprise,Australia,51-200,Active,199
USR0218,User 218,user218@company.com,2024-02-13,Enterprise,United Kingdom,51-200,Active,199
USR0219,User 219,user219@company.com,2024-06-23,Starter,United States,11-50,Active,29
USR0220,User 220,user220@company.com,2024-01-28,Starter,Germany,500+,Active,29
USR0221,User 221,user221@company.com,2024-01-08,Starter,Canada,51-200,Active,29
USR0222,User 222,user222@company.com,2024-05-12,Growth,United States,1-10,Active,79
USR0223,User 223,user223@company.com,2024-03-18,Starter,United States,201-500,Churned,0
USR0224,User 224,user224@company.com,2024-01-18,Trial,United States,1-10,Active,0
USR0225,User 225,user225@company.com,2024-03-21,Starter,Canada,51-200,Churned,0
USR0226,User 226,user226@company.com,2024-05-09,Growth,United Kingdom,11-50,Active,79
USR0227,User 227,user227@company.com,2024-04-08,Growth,Canada,201-500,Churned,0
USR0228,User 228,user228@company.com,2024-03-03,Starter,United States,500+,Active,29
USR0229,User 229,user229@company.com,2024-05-11,Starter,United States,1-10,Active,29
USR0230,User 230,user230@company.com,2024-05-06,Starter,United States,1-10,Churned,0
USR0231,User 231,user231@company.com,2024-01-16,Starter,United Kingdom,500+,Active,29
USR0232,User 232,user232@company.com,2024-01-01,Growth,United Kingdom,1-10,Active,79
USR0233,User 233,user233@company.com,2024-06-28,Starter,Canada,201-500,Churned,0
USR0234,User 234,user234@company.com,2024-01-22,Starter,United Kingdom,51-200,Active,29
USR0235,User 235,user235@company.com,2024-04-16,Growth,United Kingdom,1-10,Active,79
USR0236,User 236,user236@company.com,2024-05-22,Trial,United States,51-200,Churned,0
USR0237,User 237,user237@company.com,2024-04-01,Growth,United States,11-50,Active,79
USR0238,User 238,user238@company.com,2024-01-28,Starter,United States,1-10,Active,29
USR0239,User 239,user239@company.com,2024-02-27,Starter,United States,11-50,Active,29
USR0240,User 240,user240@company.com,2024-05-23,Enterprise,United States,11-50,Active,199
USR0241,User 241,user241@company.com,2024-03-15,Enterprise,United States,51-200,Churned,0
USR0242,User 242,user242@company.com,2024-02-29,Growth,United States,1-10,Active,79
USR0243,User 243,user243@company.com,2024-03-20,Starter,Australia,51-200,Active,29
USR0244,User 244,user244@company.com,2024-02-28,Starter,United States,1-10,Active,29
USR0245,User 245,user245@company.com,2024-01-25,Trial,United States,1-10,Churned,0
USR0246,User 246,user246@company.com,2024-04-28,Enterprise,United Kingdom,201-500,Active,199
USR0247,User 247,user247@company.com,2024-03-21,Growth,United States,1-10,Churned,0
USR0248,User 248,user248@company.com,2024-04-14,Trial,United Kingdom,51-200,Active,0
USR0249,User 249,user249@company.com,2024-06-21,Enterprise,United States,11-50,Active,199
USR0250,User 250,user250@company.com,2024-02-11,Starter,Canada,1-10,Churned,0
USR0251,User 251,user251@company.com,2024-03-19,Trial,Canada,201-500,Active,0
USR0252,User 252,user252@company.com,2024-06-02,Growth,United States,51-200,Active,79
USR0253,User 253,user253@company.com,2024-04-09,Enterprise,United States,11-50,Active,199
USR0254,User 254,user254@company.com,2024-03-04,Trial,Canada,11-50,Churned,0
USR0255,User 255,user255@company.com,2024-01-06,Starter,United Kingdom,11-50,Churned,0
USR0256,User 256,user256@company.com,2024-05-06,Enterprise,United Kingdom,11-50,Active,199
USR0257,User 257,user257@company.com,2024-01-28,Starter,Germany,201-500,Active,29
USR0258,User 258,user258@company.com,2024-01-09,Trial,United States,11-50,Active,0
USR0259,User 259,user259@company.com,2024-01-27,Growth,United States,1-10,Active,79
USR0260,User 260,user260@company.com,2024-04-09,Growth,United States,11-50,Active,79
USR0261,User 261,user261@company.com,2024-06-23,Growth,United Kingdom,1-10,Churned,0
USR0262,User 262,user262@company.com,2024-02-11,Starter,United States,1-10,Active,29
USR0263,User 263,user263@company.com,2024-06-29,Enterprise,United States,1-10,Churned,0
USR0264,User 264,user264@company.com,2024-03-16,Starter,Canada,1-10,Active,29
USR0265,User 265,user265@company.com,2024-02-18,Growth,Australia,11-50,Active,79
USR0266,User 266,user266@company.com,2024-03-17,Enterprise,United States,1-10,Active,199
USR0267,User 267,user267@company.com,2024-01-13,Starter,Germany,201-500,Active,29
USR0268,User 268,user268@company.com,2024-01-02,Starter,United States,11-50,Churned,0
USR0269,User 269,user269@company.com,2024-01-19,Trial,Germany,51-200,Active,0
USR0270,User 270,user270@company.com,2024-05-29,Trial,United Kingdom,11-50,Active,0
USR0271,User 271,user271@company.com,2024-03-08,Enterprise,United Kingdom,11-50,Churned,0
USR0272,User 272,user272@company.com,2024-01-11,Starter,United States,11-50,Active,29
USR0273,User 273,user273@company.com,2024-03-01,Enterprise,Canada,11-50,Active,199
USR0274,User 274,user274@company.com,2024-04-24,Growth,United States,11-50,Active,79
USR0275,User 275,user275@company.com,2024-06-22,Enterprise,United States,11-50,Active,199
USR0276,User 276,user276@company.com,2024-03-10,Enterprise,Canada,11-50,Active,199
USR0277,User 277,user277@company.com,2024-03-03,Trial,United Kingdom,201-500,Active,0
USR0278,User 278,user278@company.com,2024-02-25,Starter,Germany,1-10,Active,29
USR0279,User 279,user279@company.com,2024-04-07,Starter,Canada,51-200,Active,29
USR0280,User 280,user280@company.com,2024-01-12,Growth,Australia,51-200,Active,79
USR0281,User 281,user281@company.com,2024-02-23,Enterprise,United States,51-200,Active,199
USR0282,User 282,user282@company.com,2024-06-05,Growth,United States,1-10,Active,79
USR0283,User 283,user283@company.com,2024-06-01,Starter,Canada,201-500,Churned,0
USR0284,User 284,user284@company.com,2024-01-15,Starter,United States,201-500,Churned,0
USR0285,User 285,user285@company.com,2024-06-09,Growth,United States,1-10,Active,79
USR0286,User 286,user286@company.com,2024-05-18,Growth,United Kingdom,11-50,Active,79
USR0287,User 287,user287@company.com,2024-06-23,Starter,United Kingdom,201-500,Active,29
USR0288,User 288,user288@company.com,2024-06-23,Growth,United States,1-10,Churned,0
USR0289,User 289,user289@company.com,2024-01-21,Growth,United States,1-10,Active,79
USR0290,User 290,user290@company.com,2024-06-19,Starter,Canada,51-200,Active,29
USR0291,User 291,user291@company.com,2024-02-10,Starter,United States,11-50,Churned,0
USR0292,User 292,user292@company.com,2024-04-28,Starter,United States,1-10,Active,29
USR0293,User 293,user293@company.com,2024-06-01,Starter,United Kingdom,11-50,Active,29
USR0294,User 294,user294@company.com,2024-04-11,Starter,Germany,11-50,Active,29
USR0295,User 295,user295@company.com,2024-03-02,Starter,United Kingdom,11-50,Active,29
USR0296,User 296,user296@company.com,2024-04-30,Starter,United States,11-50,Active,29
USR0297,User 297,user297@company.com,2024-04-04,Starter,Germany,1-10,Active,29
USR0298,User 298,user298@company.com,2024-03-23,Growth,United Kingdom,1-10,Active,79
USR0299,User 299,user299@company.com,2024-03-10,Growth,Australia,1-10,Active,79
USR0300,User 300,user300@company.com,2024-02-24,Trial,Canada,201-500,Active,0
USR0301,User 301,user301@company.com,2024-04-27,Starter,United Kingdom,1-10,Active,29
USR0302,User 302,user302@company.com,2024-01-26,Starter,United States,1-10,Converted,29
USR0303,User 303,user303@company.com,2024-01-23,Starter,United States,11-50,Churned,0
USR0304,User 304,user304@company.com,2024-04-25,Growth,United States,1-10,Churned,0
USR0305,User 305,user305@company.com,2024-06-05,Trial,United Kingdom,51-200,Active,0
USR0306,User 306,user306@company.com,2024-06-20,Growth,Australia,11-50,Active,79
USR0307,User 307,user307@company.com,2024-04-19,Growth,United States,11-50,Active,79
USR0308,User 308,user308@company.com,2024-05-22,Trial,Australia,51-200,Active,0
USR0309,User 309,user309@company.com,2024-03-25,Starter,United Kingdom,51-200,Active,29
USR0310,User 310,user310@company.com,2024-05-22,Starter,Canada,51-200,Active,29
USR0311,User 311,user311@company.com,2024-05-24,Growth,United Kingdom,201-500,Active,79
USR0312,User 312,user312@company.com,2024-03-14,Enterprise,United States,201-500,Active,199
USR0313,User 313,user313@company.com,2024-02-03,Starter,United States,11-50,Active,29
USR0314,User 314,user314@company.com,2024-04-08,Starter,Canada,201-500,Active,29
USR0315,User 315,user315@company.com,2024-04-25,Growth,Germany,11-50,Active,79
USR0316,User 316,user316@company.com,2024-04-21,Trial,United States,11-50,Active,0
USR0317,User 317,user317@company.com,2024-03-23,Growth,Australia,51-200,Active,79
USR0318,User 318,user318@company.com,2024-04-14,Starter,United States,11-50,Active,29
USR0319,User 319,user319@company.com,2024-02-18,Enterprise,United States,1-10,Active,199
USR0320,User 320,user320@company.com,2024-04-27,Enterprise,United States,1-10,Active,199
USR0321,User 321,user321@company.com,2024-06-14,Growth,United States,11-50,Active,79
USR0322,User 322,user322@company.com,2024-02-05,Starter,Germany,500+,Churned,0
USR0323,User 323,user323@company.com,2024-03-27,Starter,Germany,11-50,Churned,0
USR0324,User 324,user324@company.com,2024-04-29,Starter,Germany,1-10,Active,29
USR0325,User 325,user325@company.com,2024-03-05,Enterprise,United States,11-50,Active,199
USR0326,User 326,user326@company.com,2024-03-08,Starter,Australia,201-500,Active,29
USR0327,User 327,user327@company.com,2024-04-08,Starter,United States,51-200,Active,29
USR0328,User 328,user328@company.com,2024-04-21,Growth,United Kingdom,1-10,Churned,0
USR0329,User 329,user329@company.com,2024-06-11,Enterprise,Canada,1-10,Churned,0
USR0330,User 330,user330@company.com,2024-04-07,Growth,United Kingdom,51-200,Churned,0
USR0331,User 331,user331@company.com,2024-04-18,Starter,United States,1-10,Active,29
USR0332,User 332,user332@company.com,2024-02-22,Enterprise,United States,1-10,Active,199
USR0333,User 333,user333@company.com,2024-06-07,Growth,Germany,1-10,Active,79
USR0334,User 334,user334@company.com,2024-02-19,Enterprise,United States,51-200,Active,199
USR0335,User 335,user335@company.com,2024-02-15,Growth,Australia,51-200,Churned,0
USR0336,User 336,user336@company.com,2024-06-06,Starter,United States,11-50,Converted,29
USR0337,User 337,user337@company.com,2024-02-04,Starter,United Kingdom,11-50,Churned,0
USR0338,User 338,user338@company.com,2024-04-04,Growth,United Kingdom,11-50,Active,79
USR0339,User 339,user339@company.com,2024-05-04,Enterprise,United States,11-50,Active,199
USR0340,User 340,user340@company.com,2024-01-11,Trial,Canada,11-50,Active,0
USR0341,User 341,user341@company.com,2024-04-10,Starter,United States,11-50,Churned,0
USR0342,User 342,user342@company.com,2024-06-24,Growth,United States,11-50,Active,79
USR0343,User 343,user343@company.com,2024-02-07,Starter,Germany,1-10,Active,29
USR0344,User 344,user344@company.com,2024-05-26,Trial,United States,201-500,Churned,0
USR0345,User 345,user345@company.com,2024-02-29,Growth,United States,51-200,Active,79
USR0346,User 346,user346@company.com,2024-06-23,Starter,United Kingdom,201-500,Active,29
USR0347,User 347,user347@company.com,2024-05-13,Growth,United States,11-50,Active,79
USR0348,User 348,user348@company.com,2024-01-06,Starter,United States,51-200,Active,29
USR0349,User 349,user349@company.com,2024-04-30,Starter,United States,51-200,Active,29
USR0350,User 350,user350@company.com,2024-04-13,Trial,United Kingdom,1-10,Churned,0
USR0351,User 351,user351@company.com,2024-03-20,Starter,United States,500+,Active,29
USR0352,User 352,user352@company.com,2024-04-10,Enterprise,United Kingdom,11-50,Active,199
USR0353,User 353,user353@company.com,2024-02-21,Starter,Canada,51-200,Active,29
USR0354,User 354,user354@company.com,2024-02-10,Starter,United Kingdom,11-50,Churned,0
USR0355,User 355,user355@company.com,2024-02-06,Starter,United States,11-50,Active,29
USR0356,User 356,user356@company.com,2024-01-08,Growth,United States,11-50,Active,79
USR0357,User 357,user357@company.com,2024-01-02,Starter,United States,11-50,Active,29
USR0358,User 358,user358@company.com,2024-02-18,Growth,United States,201-500,Active,79
USR0359,User 359,user359@company.com,2024-02-29,Starter,United States,1-10,Churned,0
USR0360,User 360,user360@company.com,2024-06-20,Starter,Germany,11-50,Churned,0
USR0361,User 361,user361@company.com,2024-06-09,Starter,United Kingdom,51-200,Active,29
USR0362,User 362,user362@company.com,2024-06-26,Starter,United Kingdom,1-10,Active,29
USR0363,User 363,user363@company.com,2024-01-09,Starter,United Kingdom,1-10,Churned,0
USR0364,User 364,user364@company.com,2024-05-03,Growth,United States,11-50,Active,79
USR0365,User 365,user365@company.com,2024-01-20,Growth,United States,11-50,Active,79
USR0366,User 366,user366@company.com,2024-03-13,Starter,United States,11-50,Active,29
USR0367,User 367,user367@company.com,2024-04-29,Trial,United States,11-50,Churned,0
USR0368,User 368,user368@company.com,2024-01-29,Trial,United States,11-50,Churned,0
USR0369,User 369,user369@company.com,2024-01-15,Growth,Australia,11-50,Active,79
USR0370,User 370,user370@company.com,2024-04-26,Growth,Germany,51-200,Converted,79
USR0371,User 371,user371@company.com,2024-05-19,Growth,United States,51-200,Churned,0
USR0372,User 372,user372@company.com,2024-06-12,Starter,United States,201-500,Active,29
USR0373,User 373,user373@company.com,2024-06-04,Growth,Canada,500+,Active,79
USR0374,User 374,user374@company.com,2024-06-03,Enterprise,United States,51-200,Active,199
USR0375,User 375,user375@company.com,2024-01-02,Trial,United States,11-50,Active,0
USR0376,User 376,user376@company.com,2024-05-29,Starter,Australia,11-50,Active,29
USR0377,User 377,user377@company.com,2024-01-02,Starter,Canada,11-50,Active,29
USR0378,User 378,user378@company.com,2024-03-26,Growth,Canada,51-200,Churned,0
USR0379,User 379,user379@company.com,2024-04-06,Starter,United Kingdom,11-50,Active,29
USR0380,User 380,user380@company.com,2024-05-14,Trial,Canada,1-10,Churned,0
USR0381,User 381,user381@company.com,2024-02-15,Starter,United States,1-10,Churned,0
USR0382,User 382,user382@company.com,2024-06-13,Starter,United States,1-10,Active,29
USR0383,User 383,user383@company.com,2024-06-26,Starter,Germany,1-10,Active,29
USR0384,User 384,user384@company.com,2024-05-17,Growth,Canada,11-50,Active,79
USR0385,User 385,user385@company.com,2024-03-23,Starter,United States,51-200,Churned,0
USR0386,User 386,user386@company.com,2024-04-25,Growth,Germany,51-200,Active,79
USR0387,User 387,user387@company.com,2024-05-28,Starter,United States,51-200,Active,29
USR0388,User 388,user388@company.com,2024-05-29,Enterprise,Canada,201-500,Active,199
USR0389,User 389,user389@company.com,2024-01-01,Growth,United Kingdom,500+,Active,79
USR0390,User 390,user390@company.com,2024-02-26,Starter,Canada,500+,Active,29
USR0391,User 391,user391@company.com,2024-06-08,Growth,Australia,51-200,Churned,0
USR0392,User 392,user392@company.com,2024-04-17,Trial,United States,11-50,Active,0
USR0393,User 393,user393@company.com,2024-05-19,Enterprise,United Kingdom,11-50,Active,199
USR0394,User 394,user394@company.com,2024-05-03,Enterprise,Germany,1-10,Active,199
USR0395,User 395,user395@company.com,2024-02-07,Starter,United States,11-50,Active,29
USR0396,User 396,user396@company.com,2024-03-22,Growth,United States,11-50,Active,79
USR0397,User 397,user397@company.com,2024-03-06,Trial,United States,51-200,Active,0
USR0398,User 398,user398@company.com,2024-04-17,Starter,Germany,1-10,Active,29
USR0399,User 399,user399@company.com,2024-01-23,Starter,Australia,1-10,Active,29
USR0400,User 400,user400@company.com,2024-05-25,Enterprise,United States,51-200,Active,199
USR0401,User 401,user401@company.com,2024-05-21,Enterprise,Australia,51-200,Active,199
USR0402,User 402,user402@company.com,2024-05-17,Enterprise,United Kingdom,1-10,Active,199
USR0403,User 403,user403@company.com,2024-04-01,Trial,Canada,11-50,Active,0
USR0404,User 404,user404@company.com,2024-02-05,Enterprise,United States,11-50,Active,199
USR0405,User 405,user405@company.com,2024-05-29,Growth,United Kingdom,201-500,Active,79
USR0406,User 406,user406@company.com,2024-02-12,Trial,United States,1-10,Active,0
USR0407,User 407,user407@company.com,2024-05-15,Growth,United States,11-50,Active,79
USR0408,User 408,user408@company.com,2024-04-05,Starter,United Kingdom,51-200,Active,29
USR0409,User 409,user409@company.com,2024-04-26,Starter,United States,51-200,Active,29
USR0410,User 410,user410@company.com,2024-03-03,Starter,United States,11-50,Converted,29
USR0411,User 411,user411@company.com,2024-02-17,Enterprise,Germany,201-500,Active,199
USR0412,User 412,user412@company.com,2024-05-16,Trial,Canada,51-200,Churned,0
USR0413,User 413,user413@company.com,2024-04-28,Trial,Canada,201-500,Active,0
USR0414,User 414,user414@company.com,2024-01-29,Growth,United Kingdom,201-500,Active,79
USR0415,User 415,user415@company.com,2024-06-27,Starter,United Kingdom,51-200,Active,29
USR0416,User 416,user416@company.com,2024-06-08,Starter,United Kingdom,201-500,Active,29
USR0417,User 417,user417@company.com,2024-04-17,Starter,United Kingdom,11-50,Active,29
USR0418,User 418,user418@company.com,2024-06-30,Enterprise,Canada,1-10,Churned,0
USR0419,User 419,user419@company.com,2024-01-29,Growth,Germany,51-200,Active,79
USR0420,User 420,user420@company.com,2024-01-11,Growth,United States,201-500,Active,79
USR0421,User 421,user421@company.com,2024-05-03,Growth,United States,51-200,Converted,79
USR0422,User 422,user422@company.com,2024-06-14,Starter,United States,51-200,Converted,29
USR0423,User 423,user423@company.com,2024-02-17,Growth,United States,11-50,Active,79
USR0424,User 424,user424@company.com,2024-02-03,Starter,United States,1-10,Churned,0
USR0425,User 425,user425@company.com,2024-04-05,Growth,Australia,51-200,Churned,0
USR0426,User 426,user426@company.com,2024-05-02,Starter,Australia,11-50,Active,29
USR0427,User 427,user427@company.com,2024-06-21,Growth,United States,11-50,Active,79
USR0428,User 428,user428@company.com,2024-05-07,Enterprise,Germany,1-10,Active,199
USR0429,User 429,user429@company.com,2024-06-11,Enterprise,United States,500+,Active,199
USR0430,User 430,user430@company.com,2024-04-29,Growth,United States,1-10,Active,79
USR0431,User 431,user431@company.com,2024-03-19,Starter,Canada,1-10,Active,29
USR0432,User 432,user432@company.com,2024-06-14,Growth,Australia,201-500,Active,79
USR0433,User 433,user433@company.com,2024-03-31,Trial,Australia,11-50,Active,0
USR0434,User 434,user434@company.com,2024-01-05,Enterprise,United States,11-50,Active,199
USR0435,User 435,user435@company.com,2024-03-18,Starter,Canada,51-200,Active,29
USR0436,User 436,user436@company.com,2024-06-09,Starter,Germany,51-200,Churned,0
USR0437,User 437,user437@company.com,2024-01-08,Growth,Canada,1-10,Active,79
USR0438,User 438,user438@company.com,2024-05-07,Enterprise,Canada,11-50,Active,199
USR0439,User 439,user439@company.com,2024-03-16,Trial,Canada,11-50,Churned,0
USR0440,User 440,user440@company.com,2024-03-14,Growth,Canada,500+,Active,79
USR0441,User 441,user441@company.com,2024-01-29,Growth,Canada,11-50,Active,79
USR0442,User 442,user442@company.com,2024-03-03,Enterprise,Germany,11-50,Active,199
USR0443,User 443,user443@company.com,2024-06-07,Starter,Germany,500+,Churned,0
USR0444,User 444,user444@company.com,2024-05-03,Growth,Canada,11-50,Converted,79
USR0445,User 445,user445@company.com,2024-01-01,Enterprise,Canada,1-10,Active,199
USR0446,User 446,user446@company.com,2024-01-03,Enterprise,United States,51-200,Active,199
USR0447,User 447,user447@company.com,2024-01-19,Growth,United States,51-200,Active,79
USR0448,User 448,user448@company.com,2024-03-05,Starter,Germany,11-50,Active,29
USR0449,User 449,user449@company.com,2024-03-01,Trial,Germany,11-50,Active,0
USR0450,User 450,user450@company.com,2024-04-27,Starter,United States,51-200,Churned,0
USR0451,User 451,user451@company.com,2024-06-22,Trial,Canada,11-50,Active,0
USR0452,User 452,user452@company.com,2024-03-12,Starter,United States,500+,Active,29
USR0453,User 453,user453@company.com,2024-06-17,Starter,United States,500+,Active,29
USR0454,User 454,user454@company.com,2024-05-05,Trial,United States,201-500,Active,0
USR0455,User 455,user455@company.com,2024-04-26,Growth,Canada,1-10,Active,79
USR0456,User 456,user456@company.com,2024-01-14,Starter,United Kingdom,51-200,Active,29
USR0457,User 457,user457@company.com,2024-03-28,Growth,United States,11-50,Active,79
USR0458,User 458,user458@company.com,2024-02-23,Growth,Canada,1-10,Active,79
USR0459,User 459,user459@company.com,2024-03-04,Trial,Australia,11-50,Active,0
USR0460,User 460,user460@company.com,2024-05-23,Growth,Canada,201-500,Active,79
USR0461,User 461,user461@company.com,2024-05-05,Growth,Canada,51-200,Churned,0
USR0462,User 462,user462@company.com,2024-01-09,Growth,United States,201-500,Active,79
USR0463,User 463,user463@company.com,2024-05-31,Trial,United States,1-10,Churned,0
USR0464,User 464,user464@company.com,2024-01-01,Starter,United Kingdom,11-50,Churned,0
USR0465,User 465,user465@company.com,2024-06-30,Growth,Canada,11-50,Active,79
USR0466,User 466,user466@company.com,2024-02-16,Starter,United States,1-10,Churned,0
USR0467,User 467,user467@company.com,2024-06-14,Growth,United States,1-10,Churned,0
USR0468,User 468,user468@company.com,2024-03-13,Starter,United States,201-500,Active,29
USR0469,User 469,user469@company.com,2024-02-12,Starter,United Kingdom,11-50,Converted,29
USR0470,User 470,user470@company.com,2024-05-01,Growth,United States,11-50,Active,79
USR0471,User 471,user471@company.com,2024-04-21,Enterprise,United States,11-50,Active,199
USR0472,User 472,user472@company.com,2024-05-27,Starter,United States,51-200,Churned,0
USR0473,User 473,user473@company.com,2024-02-14,Starter,United States,51-200,Active,29
USR0474,User 474,user474@company.com,2024-05-21,Growth,United States,11-50,Active,79
USR0475,User 475,user475@company.com,2024-06-21,Starter,United States,51-200,Active,29
USR0476,User 476,user476@company.com,2024-03-07,Starter,United Kingdom,1-10,Active,29
USR0477,User 477,user477@company.com,2024-03-31,Growth,United States,500+,Active,79
USR0478,User 478,user478@company.com,2024-03-28,Starter,United States,11-50,Active,29
USR0479,User 479,user479@company.com,2024-06-26,Starter,Germany,11-50,Churned,0
USR0480,User 480,user480@company.com,2024-05-19,Starter,United States,51-200,Churned,0
USR0481,User 481,user481@company.com,2024-01-13,Trial,United States,11-50,Churned,0
USR0482,User 482,user482@company.com,2024-06-02,Trial,United States,51-200,Active,0
USR0483,User 483,user483@company.com,2024-03-02,Trial,United States,500+,Churned,0
USR0484,User 484,user484@company.com,2024-05-25,Growth,Australia,11-50,Active,79
USR0485,User 485,user485@company.com,2024-03-01,Starter,United States,11-50,Active,29
USR0486,User 486,user486@company.com,2024-05-02,Growth,United States,11-50,Churned,0
USR0487,User 487,user487@company.com,2024-03-10,Starter,United States,1-10,Active,29
USR0488,User 488,user488@company.com,2024-04-02,Enterprise,United States,11-50,Active,199
USR0489,User 489,user489@company.com,2024-06-14,Starter,Canada,1-10,Active,29
USR0490,User 490,user490@company.com,2024-02-05,Starter,Germany,1-10,Converted,29
USR0491,User 491,user491@company.com,2024-02-26,Starter,United States,1-10,Active,29
USR0492,User 492,user492@company.com,2024-04-12,Growth,United States,11-50,Active,79
USR0493,User 493,user493@company.com,2024-03-12,Growth,United States,1-10,Active,79
USR0494,User 494,user494@company.com,2024-03-29,Starter,United States,201-500,Active,29
USR0495,User 495,user495@company.com,2024-03-17,Enterprise,United States,11-50,Active,199
USR0496,User 496,user496@company.com,2024-02-19,Growth,United States,11-50,Active,79
USR0497,User 497,user497@company.com,2024-02-08,Starter,Germany,1-10,Active,29
USR0498,User 498,user498@company.com,2024-04-17,Enterprise,United Kingdom,1-10,Active,199
USR0499,User 499,user499@company.com,2024-04-27,Starter,United States,51-200,Churned,0
USR0500,User 500,user500@company.com,2024-01-12,Growth,United States,1-10,Active,79
USR0501,User 501,user501@company.com,2024-06-29,Starter,United Kingdom,51-200,Churned,0
USR0502,User 502,user502@company.com,2024-05-19,Growth,United States,51-200,Active,79
USR0503,User 503,user503@company.com,2024-05-29,Starter,United States,51-200,Active,29
USR0504,User 504,user504@company.com,2024-06-06,Starter,United Kingdom,11-50,Active,29
USR0505,User 505,user505@company.com,2024-05-17,Trial,United States,11-50,Active,0
USR0506,User 506,user506@company.com,2024-05-13,Starter,United States,11-50,Active,29
USR0507,User 507,user507@company.com,2024-04-01,Enterprise,United Kingdom,51-200,Active,199
USR0508,User 508,user508@company.com,2024-01-20,Starter,United States,51-200,Active,29
USR0509,User 509,user509@company.com,2024-05-02,Enterprise,United States,11-50,Active,199
USR0510,User 510,user510@company.com,2024-04-16,Growth,Canada,11-50,Active,79
USR0511,User 511,user511@company.com,2024-01-21,Starter,United States,1-10,Active,29
USR0512,User 512,user512@company.com,2024-01-12,Trial,Australia,500+,Churned,0
USR0513,User 513,user513@company.com,2024-02-11,Starter,Canada,11-50,Active,29
USR0514,User 514,user514@company.com,2024-05-10,Starter,United States,51-200,Churned,0
USR0515,User 515,user515@company.com,2024-01-16,Enterprise,Canada,11-50,Churned,0
USR0516,User 516,user516@company.com,2024-01-30,Growth,United States,51-200,Active,79
USR0517,User 517,user517@company.com,2024-03-10,Growth,United States,1-10,Active,79
USR0518,User 518,user518@company.com,2024-05-26,Growth,United Kingdom,1-10,Active,79
USR0519,User 519,user519@company.com,2024-01-11,Starter,United States,1-10,Active,29
USR0520,User 520,user520@company.com,2024-05-11,Starter,United States,51-200,Active,29
USR0521,User 521,user521@company.com,2024-06-07,Starter,United States,1-10,Churned,0
USR0522,User 522,user522@company.com,2024-05-14,Starter,United States,500+,Active,29
USR0523,User 523,user523@company.com,2024-01-14,Starter,United States,51-200,Active,29
USR0524,User 524,user524@company.com,2024-01-04,Growth,United States,1-10,Active,79
USR0525,User 525,user525@company.com,2024-03-16,Trial,Germany,11-50,Active,0
USR0526,User 526,user526@company.com,2024-01-15,Growth,Canada,11-50,Churned,0
USR0527,User 527,user527@company.com,2024-05-12,Growth,United Kingdom,11-50,Active,79
USR0528,User 528,user528@company.com,2024-01-28,Growth,Australia,1-10,Active,79
USR0529,User 529,user529@company.com,2024-06-27,Starter,Germany,500+,Churned,0
USR0530,User 530,user530@company.com,2024-06-23,Enterprise,Australia,1-10,Active,199
USR0531,User 531,user531@company.com,2024-04-14,Enterprise,United States,51-200,Churned,0
USR0532,User 532,user532@company.com,2024-03-09,Growth,Canada,1-10,Active,79
USR0533,User 533,user533@company.com,2024-06-07,Trial,United States,11-50,Active,0
USR0534,User 534,user534@company.com,2024-01-16,Trial,United Kingdom,201-500,Active,0
USR0535,User 535,user535@company.com,2024-03-26,Trial,United States,51-200,Churned,0
USR0536,User 536,user536@company.com,2024-01-15,Starter,United States,201-500,Churned,0
USR0537,User 537,user537@company.com,2024-02-17,Trial,United States,1-10,Active,0
USR0538,User 538,user538@company.com,2024-03-23,Enterprise,United States,1-10,Active,199
USR0539,User 539,user539@company.com,2024-04-17,Growth,Canada,51-200,Active,79
USR0540,User 540,user540@company.com,2024-02-16,Starter,Canada,11-50,Active,29
USR0541,User 541,user541@company.com,2024-03-17,Trial,United States,1-10,Active,0
USR0542,User 542,user542@company.com,2024-03-16,Starter,Canada,201-500,Churned,0
USR0543,User 543,user543@company.com,2024-05-07,Growth,Canada,1-10,Churned,0
USR0544,User 544,user544@company.com,2024-03-09,Enterprise,United Kingdom,201-500,Churned,0
USR0545,User 545,user545@company.com,2024-04-01,Starter,United States,11-50,Converted,29
USR0546,User 546,user546@company.com,2024-05-10,Enterprise,Germany,11-50,Churned,0
USR0547,User 547,user547@company.com,2024-02-24,Starter,Canada,11-50,Converted,29
USR0548,User 548,user548@company.com,2024-03-08,Trial,United States,51-200,Active,0
USR0549,User 549,user549@company.com,2024-02-20,Growth,United Kingdom,51-200,Active,79
USR0550,User 550,user550@company.com,2024-06-25,Growth,Germany,51-200,Active,79
USR0551,User 551,user551@company.com,2024-03-22,Starter,United States,201-500,Active,29
USR0552,User 552,user552@company.com,2024-04-08,Enterprise,United States,1-10,Active,199
USR0553,User 553,user553@company.com,2024-01-09,Trial,Canada,1-10,Active,0
USR0554,User 554,user554@company.com,2024-03-07,Growth,Australia,51-200,Churned,0
USR0555,User 555,user555@company.com,2024-06-16,Growth,Australia,500+,Active,79
USR0556,User 556,user556@company.com,2024-03-10,Starter,Germany,11-50,Active,29
USR0557,User 557,user557@company.com,2024-06-21,Enterprise,United States,1-10,Active,199
USR0558,User 558,user558@company.com,2024-01-24,Enterprise,Canada,1-10,Active,199
USR0559,User 559,user559@company.com,2024-06-25,Enterprise,United States,51-200,Active,199
USR0560,User 560,user560@company.com,2024-03-09,Starter,Australia,11-50,Active,29
USR0561,User 561,user561@company.com,2024-05-04,Starter,United States,1-10,Active,29
USR0562,User 562,user562@company.com,2024-05-30,Growth,United States,11-50,Active,79
USR0563,User 563,user563@company.com,2024-06-06,Starter,Australia,1-10,Active,29
USR0564,User 564,user564@company.com,2024-04-06,Enterprise,United States,11-50,Churned,0
USR0565,User 565,user565@company.com,2024-05-06,Starter,United States,11-50,Active,29
USR0566,User 566,user566@company.com,2024-05-23,Starter,United States,1-10,Active,29
USR0567,User 567,user567@company.com,2024-03-20,Trial,Canada,51-200,Active,0
USR0568,User 568,user568@company.com,2024-01-12,Starter,Australia,11-50,Active,29
USR0569,User 569,user569@company.com,2024-06-16,Starter,Australia,51-200,Active,29
USR0570,User 570,user570@company.com,2024-06-05,Starter,United States,500+,Active,29
USR0571,User 571,user571@company.com,2024-01-27,Trial,Germany,1-10,Churned,0
USR0572,User 572,user572@company.com,2024-05-12,Starter,United States,51-200,Active,29
USR0573,User 573,user573@company.com,2024-04-29,Growth,Canada,11-50,Active,79
USR0574,User 574,user574@company.com,2024-01-27,Trial,Germany,51-200,Active,0
USR0575,User 575,user575@company.com,2024-03-24,Growth,United States,51-200,Active,79
USR0576,User 576,user576@company.com,2024-05-25,Starter,United States,51-200,Active,29
USR0577,User 577,user577@company.com,2024-06-21,Starter,United States,1-10,Converted,29
USR0578,User 578,user578@company.com,2024-03-31,Growth,Australia,51-200,Active,79
USR0579,User 579,user579@company.com,2024-02-28,Growth,United States,201-500,Active,79
USR0580,User 580,user580@company.com,2024-05-28,Trial,United States,11-50,Active,0
USR0581,User 581,user581@company.com,2024-01-04,Enterprise,United States,51-200,Churned,0
USR0582,User 582,user582@company.com,2024-03-12,Enterprise,United States,51-200,Active,199
USR0583,User 583,user583@company.com,2024-06-18,Enterprise,United Kingdom,1-10,Active,199
USR0584,User 584,user584@company.com,2024-04-10,Enterprise,United States,11-50,Active,199
USR0585,User 585,user585@company.com,2024-05-24,Starter,United States,51-200,Active,29
USR0586,User 586,user586@company.com,2024-02-15,Growth,Germany,51-200,Active,79
USR0587,User 587,user587@company.com,2024-03-16,Starter,Australia,51-200,Active,29
USR0588,User 588,user588@company.com,2024-02-25,Starter,Canada,201-500,Active,29
USR0589,User 589,user589@company.com,2024-05-30,Starter,Canada,11-50,Churned,0
USR0590,User 590,user590@company.com,2024-06-10,Starter,United States,1-10,Active,29
USR0591,User 591,user591@company.com,2024-01-18,Growth,United Kingdom,51-200,Active,79
USR0592,User 592,user592@company.com,2024-03-17,Growth,United States,11-50,Active,79
USR0593,User 593,user593@company.com,2024-05-30,Growth,Canada,1-10,Active,79
USR0594,User 594,user594@company.com,2024-01-14,Growth,United States,11-50,Active,79
USR0595,User 595,user595@company.com,2024-04-14,Starter,United States,11-50,Churned,0
USR0596,User 596,user596@company.com,2024-01-11,Trial,United States,1-10,Churned,0
USR0597,User 597,user597@company.com,2024-01-02,Trial,United States,51-200,Churned,0
USR0598,User 598,user598@company.com,2024-03-28,Starter,United States,11-50,Active,29
USR0599,User 599,user599@company.com,2024-01-23,Growth,United States,51-200,Active,79
USR0600,User 600,user600@company.com,2024-02-05,Growth,United States,1-10,Churned,0
